Model,Accuracy,Precision,Recall,F1-Score,AUC Score
Logistic Regression,0.9692307692307692,0.25,1.0,0.4,1.0
KNN,0.9897435897435898,0.0,0.0,0.0,0.7448186528497409
SVM,0.9897435897435898,0.0,0.0,0.0,1.0
